{"_id":{"$oid":"5d784ea759959693caf8cc2e"},"contact id":{"$numberInt":"3"},"contact name":"Gia Mckenzie","age":{"$numberInt":"27"},"contact number":{"$numberInt":"43459234"},"email":{"personal":"gia@gmail.com","work":"gmckenzie@gmail.com"},"languages":["English"],"skills":["Business Law"],"organization":{"current":{"Company":"ABC","position":"Consultant"}},"years of experience":{"$numberInt":"3"},"meeting":{"meeting place":"Brisbane","event":"Conference","date":"08/03/2020","time":"12:00pm"},"overall impression":"moderate"}
{"_id":{"$oid":"5d786d9f59959693caf8cc30"},"contact id":{"$numberInt":"2"},"contact name":"Su Du","age":{"$numberInt":"25"},"contact number":{"$numberInt":"452439298"},"email":{"personal":"Su@gmail.com","work":"du@gmail.com"},"languages":["English","Chinese","Korean"],"skills":["C","python","modern databases","SQL"],"organization":{"current":{"university":"Harvard","position":"student"}},"years of experience":{"$numberInt":"3"},"meeting":{"meeting place":"Boston","event":"studying group","date":"08/02/2019","time":"8:00am"},"overall impression":"good"}
{"_id":{"$oid":"5d786ea159959693caf8cc31"},"contact id":{"$numberInt":"4"},"contact name":"Hank Jiang","age":{"$numberInt":"50"},"contact number":{"$numberInt":"484920391"},"email":{"personal":"Hank@gmail.com","work":"Jiang@gmail.com"},"languages":["Chinese","English"],"skills":["C","python","C#","Java","Javascript"],"organization":{"current":{"university":"MIT","position":"lecturer"},"worked":{"university":"Cambridge","position":"student"}},"years of experience":{"$numberInt":"27"},"meeting":{"meeting place":"London","event":"Computer science speech","date":"11/09/2019","time":"10:00am"},"overall impression":"bad"}
{"_id":{"$oid":"5d786ead59959693caf8cc32"},"contact id":{"$numberInt":"5"},"contact name":"Anaya Chester","age":{"$numberInt":"28"},"contact number":{"$numberInt":"41469234"},"email":{"personal":"anaya@gmail.com","work":"chester@gmail.com"},"languages":["English"],"skills":["Company Law"],"organization":{"current":{"Company":"EFG","position":"Consultant"}},"years of experience":{"$numberInt":"4"},"meeting":{"meeting place":"Brisbane","event":"Conference","date":"08/03/2020","time":"12:00pm"},"overall impression":"moderate"}
{"_id":{"$oid":"5d786eb959959693caf8cc33"},"contact id":{"$numberInt":"6"},"contact name":"Sade Johnston","age":{"$numberInt":"25"},"contact number":{"$numberInt":"43459975"},"email":{"personal":"sade@gmail.com","work":"johnston@gmail.com"},"languages":["English"],"skills":["marketing"],"organization":{"current":{"Company":"AC","position":"Sales"}},"years of experience":{"$numberInt":"2"},"meeting":{"meeting place":"Melbourne","event":"Shows","date":"10/03/2020","time":"12:00pm"},"overall impression":"moderate"}
{"_id":{"$oid":"5d786ec559959693caf8cc34"},"contact id":{"$numberInt":"7"},"contact name":"Ray Wang","age":{"$numberInt":"20"},"contact number":{"$numberInt":"433222584"},"email":{"personal":"Ray@gmail.com","work":"Huang@gmail.com"},"languages":["English"],"skills":["automation","data science"],"organization":{"current":{"university":"QingHua","position":"lecturer"}},"years of experience":{"$numberInt":"3"},"meeting":{"meeting place":"Beijing","event":"out door","date":"31/03/2020","time":"9:00pm"},"overall impression":"good"}
{"_id":{"$oid":"5d786ecf59959693caf8cc35"},"contact id":{"$numberInt":"8"},"contact name":"Bella Rose","age":{"$numberInt":"29"},"contact number":{"$numberInt":"40099975"},"email":{"personal":"bella@gmail.com","work":"rose@gmail.com"},"languages":["English"],"skills":["marketing"],"organization":{"current":{"Company":"AC","position":"Sales"}},"years of experience":{"$numberInt":"5"},"meeting":{"meeting place":"Melbourne","event":"Shows","date":"10/03/2020","time":"12:00pm"},"overall impression":"moderate"}
{"_id":{"$oid":"5d786ede59959693caf8cc36"},"contact id":{"$numberInt":"9"},"contact name":"Lainey Albert","age":{"$numberInt":"35"},"contact number":{"$numberInt":"43428285"},"email":{"personal":"lainey@gmail.com","work":"albert@gmail.com"},"languages":["English","Japanese"],"skills":["marketing","accounting"],"organization":{"current":{"Company":"AC","position":"Sales Manager"}},"years of experience":{"$numberInt":"10"},"meeting":{"meeting place":"Melbourne","event":"Shows","date":"10/03/2020","time":"12:00pm"},"overall impression":"good"}
{"_id":{"$oid":"5d786ee859959693caf8cc37"},"contact id":{"$numberInt":"10"},"contact name":"Jerry Mi","age":{"$numberInt":"60"},"contact number":{"$numberInt":"74299099"},"email":{"personal":"Jerry@gmail.com","work":"Mi@gmail.com"},"languages":["English","Chinese","Germany","Korean","Russian"],"skills":["C","python","processing mining","C#","Swift","Java"],"organization":{"current":{"university":"MIT","position":"lecturer"},"worked":{"university":"Fudan","position":"lecture"}},"years of experience":{"$numberInt":"45"},"meeting":{"meeting place":"Beijing","event":"outdoor","date":"02/02/2021","time":"12:00pm"},"overall impression":"excellent"}
{"_id":{"$oid":"5d786ef159959693caf8cc38"},"contact id":{"$numberInt":"11"},"contact name":"Muhamed Kent","age":{"$numberInt":"45"},"contact number":{"$numberInt":"43477895"},"email":{"personal":"Muhamed@gmail.com","work":"kent@gmail.com"},"languages":["English","Arabic"],"skills":["data science","economic"],"organization":{"current":{"University":"Griffith","position":" lecturer"}},"years of experience":{"$numberInt":"15"},"meeting":{"meeting place":"Sydney","event":"Seminar","date":"01/04/2020","time":"12:00pm"},"overall impression":"good"}
{"_id":{"$oid":"5d786f0359959693caf8cc3a"},"contact id":{"$numberInt":"13"},"contact name":"Lillia Johnson","age":{"$numberInt":"20"},"contact number":{"$numberInt":"43499075"},"email":{"personal":"lilllia@gmail.com","work":"johnsont@gmail.com"},"languages":["English"],"skills":["ballet"],"organization":{"current":{"school":"Debra dancing school","position":" teacher"}},"years of experience":{"$numberInt":"3"},"meeting":{"meeting place":"Brisbane","event":"workshops","date":"04/07/2020","time":"12:00pm"},"overall impression":"moderate"}
{"_id":{"$oid":"5d786f1c59959693caf8cc3c"},"contact id":{"$numberInt":"15"},"contact name":"Jim Pan","age":{"$numberInt":"50"},"contact number":{"$numberInt":"49075075"},"email":{"personal":"jim@gmail.com","work":"pan@gmail.com"},"languages":["English","Korean"],"skills":["linguistic","computer science"],"organization":{"current":{"University":"James Cook","position":" Lecturer"}},"years of experience":{"$numberInt":"28"},"meeting":{"meeting place":"Adelaide","event":"presentation","date":"09/09/2020","time":"12:00pm"},"overall impression":"excellent"}
{"_id":{"$oid":"5d786f3559959693caf8cc3e"},"contact id":{"$numberInt":"17"},"contact name":"Jayson Lin","age":{"$numberInt":"28"},"contact number":{"$numberInt":"4973999"},"email":{"personal":"Jayson@gmail.com","work":"Lin@gmail.com"},"languages":["English","Chinese"],"skills":["processing mining"],"organization":{"current":{"company":"Google","position":"team leadner"},"worked":{"university":"UQ","position":"Lecture"}},"years of experience":{"$numberInt":"5"},"meeting":{"meeting place":"New York","event":"showsr","date":"08/012/2020","time":"5:00pm"},"overall impression":"good"}
{"_id":{"$oid":"5d786f4359959693caf8cc3f"},"contact id":{"$numberInt":"18"},"contact name":"Jaden Snow","age":{"$numberInt":"33"},"contact number":{"$numberInt":"40097545"},"email":{"personal":"Jaden@gmail.com","work":"snnow@gmail.com"},"languages":["English","French"],"skills":["information security"],"organization":{"current":{"Company":"  Top fence","position":"software designer"}},"years of experience":{"$numberInt":"17"},"meeting":{"meeting place":"Brisbane","event":"business show","date":"08/11/2020","time":"12:00pm"},"overall impression":"good"}
{"_id":{"$oid":"5d78713759959693caf8cc41"},"contact id":{"$numberInt":"20"},"contact name":"Coin Black","age":{"$numberInt":"8"},"contact number":{"$numberInt":"419283746"},"email":{"personal":"Coin@gmail.com","work":"Black@gmail.com"},"languages":["English"],"skills":["C#","python","Java"],"meeting":{"meeting place":"Brisbane","event":"hackers party","date":"29/08/2019","time":"10:00am"},"overall impression":"excellent"}
