{"_id":{"$oid":"5d7c3d92c92893d94dabf44d"},"studentID":{"$numberInt":"30"},"name":"isabella","major":["Biomedical","Cellular Biology"],"subjects":["mathematics","physics","chemistry"],"subject marks":{"mathematics":{"$numberInt":"87"},"physics":{"$numberInt":"92"},"chemistry":{"$numberInt":"92"}},"age":{"$numberInt":"21"},"contact number":{"$numberLong":"9877788212"},"email":{"Personal":"isabella1@gmail.com","university":"isabella@qut.au.com"},"Overall grade":"A"}
{"_id":{"$oid":"5d7c3d92c92893d94dabf44e"},"studentID":{"$numberInt":"50"},"name":"Emanuel","major":["health sciences"],"subjects":["sciences","physics","chemistry"],"subject marks":{"sciences":{"$numberInt":"57"},"physics":{"$numberInt":"62"},"chemistry":{"$numberInt":"60"}},"age":{"$numberInt":"23"},"contact number":{"$numberInt":"417880212"},"email":{"Personal":"Emanuel2@gmail.com","university":"Emanuel@qut.au.com"},"Overall grade":"B"}
{"_id":{"$oid":"5d7c3d92c92893d94dabf44f"},"studentID":{"$numberInt":"45"},"name":"jone","major":["healthcare","biomedical science"],"subjects":["sciences","physics","biology"],"subject marks":{"sciences":{"$numberInt":"52"},"physics":{"$numberInt":"60"},"biology":{"$numberInt":"55"}},"age":{"$numberInt":"24"},"contact number":{"$numberInt":"70249113"},"email":{"Personal":"jone@gmail.com","university":"jone@qut.au.com"},"Overall grade":"B"}
{"_id":{"$oid":"5d7c3d92c92893d94dabf450"},"studentID":{"$numberInt":"25"},"name":"Gracy","major":["IT","CS"],"subjects":["database","analysis","Java"],"subject marks":{"database":{"$numberInt":"95"},"analysis":{"$numberInt":"98"},"java":{"$numberInt":"99"}},"age":{"$numberInt":"24"},"contact number":{"$numberInt":"70249113"},"email":{"Personal":"gracy @gmail.com","university":"gracy@qut.au.com"},"Overall grade":"A+"}
{"_id":{"$oid":"5d7c3d92c92893d94dabf451"},"studentID":{"$numberInt":"15"},"name":"Carrie","major":["IT"],"subjects":["database","analysis","python"],"subject marks":{"database":{"$numberInt":"75"},"analysis":{"$numberInt":"72"},"python":{"$numberInt":"75"}},"age":{"$numberInt":"21"},"contact number":{"$numberInt":"453865531"},"email":{"Personal":"carrie@gmail.com","university":"carrie@qut.au.com"},"Overall grade":"B+"}
